clade	gene	site	alt
Africa-2	nuc	499	G
Africa-2	nuc	708	A
Africa-2	nuc	3746	G
Africa-2	nuc	3914	A
Africa-2	nuc	4440	C
Africa-2	nuc	4628	G
Africa-2	nuc	4844	A
Africa-3	nuc	332	A
Africa-3	nuc	392	A
Africa-3	nuc	821	T
Africa-3	nuc	1209	T
Africa-3	nuc	1258	G
Africa-3	nuc	4473	T
Africa-3	nuc	4940	A
Arctic-related	nuc	248	T
Arctic-related	nuc	1030	G
Arctic-related	nuc	1036	A
Arctic-related	nuc	3363	A
Arctic-related	nuc	3494	T
Arctic-related	nuc	3657	C
Arctic-related	nuc	4775	C
Asian	nuc	1471	A
Asian	nuc	8234	C
Asian	nuc	8837	G
Asian	nuc	9038	G
Asian	nuc	9113	G
Asian	nuc	9773	T
Asian	nuc	9965	T
Asian	nuc	10773	A
Bat	nuc	331	T
Bat	nuc	413	A
Bat	nuc	1879	C
Bat	nuc	2449	C
Bat	nuc	2594	A
Bat	nuc	2955	G
Bat	nuc	5083	T
Bat	nuc	11189	T
Cosmopolitan	nuc	781	A
Cosmopolitan	nuc	1057	T
Cosmopolitan	nuc	1470	A
Cosmopolitan	nuc	3998	C
Cosmopolitan	nuc	4697	A
Cosmopolitan	nuc	4949	T
Indian Subcontinent	nuc	1207	T
Indian Subcontinent	nuc	3548	C
Indian Subcontinent	nuc	5054	G
RAC-SK	nuc	574	T
RAC-SK	nuc	844	T
RAC-SK	nuc	1207	C
RAC-SK	nuc	3924	G
